{
  "rating": {
    "mse": 0.9745370370370369,
    "mae": 0.861111111111111,
    "rmse": 0.9871864246620478,
    "spearman": 0.5,
    "pearson": 0.8106057622125953,
    "pairwise_acc": 0.6666666666666666,
    "qwk": 0.7272727272727273
  },
  "soundness": {
    "mse": 0.27314814814814814,
    "mae": 0.4444444444444445,
    "rmse": 0.522635770061855,
    "spearman": 0.0,
    "pearson": 0.11470786693528114,
    "pairwise_acc": 0.6666666666666666,
    "qwk": 0.0
  },
  "presentation": {
    "mse": 0.16666666666666666,
    "mae": 0.3333333333333333,
    "rmse": 0.408248290463863,
    "spearman": 0.5,
    "pearson": 0.6546536707079771,
    "pairwise_acc": 0.6666666666666666,
    "qwk": 0.0
  },
  "contribution": {
    "mse": 0.21064814814814814,
    "mae": 0.36111111111111116,
    "rmse": 0.4589642122738418,
    "spearman": 0.0,
    "pearson": 0.2773500981126146,
    "pairwise_acc": 0.3333333333333333,
    "qwk": 0.3999999999999999
  },
  "decision": {
    "accuracy": 0.6666666666666666,
    "f1_macro": 0.6666666666666666
  },
  "n_samples": 3,
  "n_skipped": 0
}