{
  "fast": {
    "rating": {
      "mse": 0.9745370370370369,
      "mae": 0.861111111111111,
      "rmse": 0.9871864246620478,
      "spearman": 0.5,
      "pearson": 0.8106057622125953,
      "pairwise_acc": 0.6666666666666666,
      "qwk": 0.7272727272727273
    },
    "soundness": {
      "mse": 0.27314814814814814,
      "mae": 0.4444444444444445,
      "rmse": 0.522635770061855,
      "spearman": 0.0,
      "pearson": 0.11470786693528114,
      "pairwise_acc": 0.6666666666666666,
      "qwk": 0.0
    },
    "presentation": {
      "mse": 0.16666666666666666,
      "mae": 0.3333333333333333,
      "rmse": 0.408248290463863,
      "spearman": 0.5,
      "pearson": 0.6546536707079771,
      "pairwise_acc": 0.6666666666666666,
      "qwk": 0.0
    },
    "contribution": {
      "mse": 0.21064814814814814,
      "mae": 0.36111111111111116,
      "rmse": 0.4589642122738418,
      "spearman": 0.0,
      "pearson": 0.2773500981126146,
      "pairwise_acc": 0.3333333333333333,
      "qwk": 0.3999999999999999
    },
    "decision": {
      "accuracy": 0.6666666666666666,
      "f1_macro": 0.6666666666666666
    },
    "n_samples": 3,
    "n_skipped": 0
  },
  "standard": {
    "rating": {
      "mse": 1.3425925925925923,
      "mae": 0.9444444444444443,
      "rmse": 1.1587029785896783,
      "spearman": -0.5,
      "pearson": -0.02684382395496785,
      "pairwise_acc": 0.3333333333333333,
      "qwk": 0.3999999999999999
    },
    "soundness": {
      "mse": 0.04398148148148149,
      "mae": 0.1944444444444445,
      "rmse": 0.2097176232019653,
      "spearman": 0.8660254037844387,
      "pearson": 0.9176629354822472,
      "pairwise_acc": 1.0,
      "qwk": 0.3999999999999999
    },
    "presentation": {
      "mse": 0.10416666666666667,
      "mae": 0.25,
      "rmse": 0.3227486121839514,
      "spearman": "nan",
      "pearson": "nan",
      "pairwise_acc": 0.6666666666666666,
      "qwk": 0.0
    },
    "contribution": {
      "mse": 0.1064814814814815,
      "mae": 0.27777777777777785,
      "rmse": 0.3263150034575203,
      "spearman": 0.5000000000000001,
      "pearson": 0.5,
      "pairwise_acc": 0.6666666666666666,
      "qwk": 0.3999999999999999
    },
    "decision": {
      "accuracy": 0.3333333333333333,
      "f1_macro": 0.25
    },
    "n_samples": 3,
    "n_skipped": 0
  },
  "best": {
    "rating": {
      "mse": 0.24537037037037032,
      "mae": 0.44444444444444436,
      "rmse": 0.49534873611463903,
      "spearman": 1.0,
      "pearson": 0.9932214863338138,
      "pairwise_acc": 1.0,
      "qwk": 1.0
    },
    "soundness": {
      "mse": 0.20370370370370372,
      "mae": 0.4444444444444445,
      "rmse": 0.45133546692422005,
      "spearman": 0.8660254037844387,
      "pearson": 0.9176629354822472,
      "pairwise_acc": 1.0,
      "qwk": 0.0
    },
    "presentation": {
      "mse": 0.10416666666666667,
      "mae": 0.25,
      "rmse": 0.3227486121839514,
      "spearman": 0.8660254037844387,
      "pearson": 0.944911182523068,
      "pairwise_acc": 1.0,
      "qwk": 0.0
    },
    "contribution": {
      "mse": 0.14120370370370375,
      "mae": 0.36111111111111116,
      "rmse": 0.37577081273524127,
      "spearman": 0.8660254037844387,
      "pearson": 0.8660254037844387,
      "pairwise_acc": 1.0,
      "qwk": 0.3999999999999999
    },
    "decision": {
      "accuracy": 1.0,
      "f1_macro": 1.0
    },
    "n_samples": 3,
    "n_skipped": 0
  }
}