{
  "rating": {
    "mse": 1.3425925925925923,
    "mae": 0.9444444444444443,
    "rmse": 1.1587029785896783,
    "spearman": -0.5,
    "pearson": -0.02684382395496785,
    "pairwise_acc": 0.3333333333333333,
    "qwk": 0.3999999999999999
  },
  "soundness": {
    "mse": 0.04398148148148149,
    "mae": 0.1944444444444445,
    "rmse": 0.2097176232019653,
    "spearman": 0.8660254037844387,
    "pearson": 0.9176629354822472,
    "pairwise_acc": 1.0,
    "qwk": 0.3999999999999999
  },
  "presentation": {
    "mse": 0.10416666666666667,
    "mae": 0.25,
    "rmse": 0.3227486121839514,
    "spearman": "nan",
    "pearson": "nan",
    "pairwise_acc": 0.6666666666666666,
    "qwk": 0.0
  },
  "contribution": {
    "mse": 0.1064814814814815,
    "mae": 0.27777777777777785,
    "rmse": 0.3263150034575203,
    "spearman": 0.5000000000000001,
    "pearson": 0.5,
    "pairwise_acc": 0.6666666666666666,
    "qwk": 0.3999999999999999
  },
  "decision": {
    "accuracy": 0.3333333333333333,
    "f1_macro": 0.25
  },
  "n_samples": 3,
  "n_skipped": 0
}