{
  "rating": {
    "mse": 0.24537037037037032,
    "mae": 0.44444444444444436,
    "rmse": 0.49534873611463903,
    "spearman": 1.0,
    "pearson": 0.9932214863338138,
    "pairwise_acc": 1.0,
    "qwk": 1.0
  },
  "soundness": {
    "mse": 0.20370370370370372,
    "mae": 0.4444444444444445,
    "rmse": 0.45133546692422005,
    "spearman": 0.8660254037844387,
    "pearson": 0.9176629354822472,
    "pairwise_acc": 1.0,
    "qwk": 0.0
  },
  "presentation": {
    "mse": 0.10416666666666667,
    "mae": 0.25,
    "rmse": 0.3227486121839514,
    "spearman": 0.8660254037844387,
    "pearson": 0.944911182523068,
    "pairwise_acc": 1.0,
    "qwk": 0.0
  },
  "contribution": {
    "mse": 0.14120370370370375,
    "mae": 0.36111111111111116,
    "rmse": 0.37577081273524127,
    "spearman": 0.8660254037844387,
    "pearson": 0.8660254037844387,
    "pairwise_acc": 1.0,
    "qwk": 0.3999999999999999
  },
  "decision": {
    "accuracy": 1.0,
    "f1_macro": 1.0
  },
  "n_samples": 3,
  "n_skipped": 0
}