{
  "rating": {
    "mse": 0.0,
    "mae": 0.0,
    "rmse": 0.0,
    "spearman": 0.9999999999999999,
    "pearson": 0.9999999999999998,
    "pairwise_acc": 1.0,
    "qwk": 1.0
  },
  "decision": {
    "accuracy": 0.7946287519747235,
    "f1_macro": 0.7459871589085072
  }
}