{
  "rating": {
    "mse": 0.0005538513974096793,
    "mae": 0.0012781186094069526,
    "rmse": 0.023534047620621477,
    "spearman": 0.9996864652663647,
    "pearson": 0.9998028291643708,
    "pairwise_acc": 0.9992225269288401,
    "qwk": 0.9994795574641996
  },
  "decision": {
    "accuracy": 1.0,
    "f1_macro": 1.0
  }
}